{
    "H-ZF52-976": 1.8145,
    "H-ZF52-915": 1.817,
    "H-ZF52-885": 1.8185,
    "H-ZF52-808": 1.822908,
    "H-ZF52-792": 1.824,
    "H-LAF11LA-976": 1.7709,
    "air": 1.0003,
    "H-ZF52-1470": 1.801347,
    "H-ZLAF92-940": 1.972,
    "S-TIH53-976": 1.81438,
    "Fused_Silica_976": 1.4507,
    "H-ZF52-835": 1.8212,
    "fused-Silica_450": 1.4656,
    "SK11_976": 1.55387,
    "SK1310_976": 1.45093,
    "FL-Blue-450": 1.762,
    "H-K9L-450": 1.52531,
    "H-K9L-976": 1.507885,
    "H-ZF52-793": 1.823913,
    "S-TIH53-793": 1.82389
}